{
  "auc": 0.546734693877551,
  "pr_auc": 0.026126800102312865,
  "brier": 0.020339436566159337,
  "ks": 0.0,
  "mcc": 0.0
}