{
  "model": "logistic",
  "metrics_raw": {
    "auc": 0.5153061224489797,
    "pr_auc": 0.023253186240052133,
    "brier": 0.08493458940038906
  },
  "metrics_calibrated": {
    "auc": 0.5583673469387754,
    "pr_auc": 0.02795774759651745,
    "brier": 0.07160353096074437
  },
  "best_threshold_f2": {
    "threshold": 0.0880194422462064,
    "precision": 0.032679738562091505,
    "recall": 0.5,
    "fbeta": 0.12953367875647667
  }
}