{
  "auc": 0.5557142857142857,
  "pr_auc": 0.02987121212121212,
  "brier": 0.02150747590309319,
  "ks": 0.0,
  "mcc": 0.0
}