{
  "auc": 0.6077551020408163,
  "pr_auc": 0.029288886888204177,
  "brier": 0.02412746314588712,
  "ks": 0.0,
  "mcc": 0.0
}