{
  "model": "lightgbm",
  "metrics_raw": {
    "auc": 0.5751020408163265,
    "pr_auc": 0.04236548066291951,
    "brier": 0.02202331600014015
  },
  "metrics_calibrated": {
    "auc": 0.5411224489795918,
    "pr_auc": 0.030434569329920266,
    "brier": 0.020143279010753218
  },
  "best_threshold_f2": {
    "threshold": 0.030790347474403332,
    "precision": 0.038461538461538464,
    "recall": 0.3,
    "fbeta": 0.1271186440677966
  }
}