{
  "auc": 0.6004081632653061,
  "pr_auc": 0.03569799455161082,
  "brier": 0.020244416335032964,
  "ks": 0.0,
  "mcc": 0.0
}