{
  "model": "catboost",
  "metrics_raw": {
    "auc": 0.6848979591836735,
    "pr_auc": 0.052604131818829815,
    "brier": 0.1715362319564001
  },
  "metrics_calibrated": {
    "auc": 0.5254081632653063,
    "pr_auc": 0.027090909090909096,
    "brier": 0.024245128034308543
  },
  "best_threshold_f2": {
    "threshold": 0.19899497487437165,
    "precision": 0.09090909090909091,
    "recall": 0.1,
    "fbeta": 0.09803921568627451
  }
}