{
  "model": "xgboost",
  "metrics_raw": {
    "auc": 0.5877551020408163,
    "pr_auc": 0.033174206121733794,
    "brier": 0.025241922423266786
  },
  "metrics_calibrated": {
    "auc": 0.6071428571428572,
    "pr_auc": 0.030073251255882914,
    "brier": 0.020436873638422122
  },
  "best_threshold_f2": {
    "threshold": 0.013080032869948834,
    "precision": 0.03319502074688797,
    "recall": 0.8,
    "fbeta": 0.1423487544483986
  }
}