{
  "model": "extratrees",
  "metrics_raw": {
    "auc": 0.64,
    "pr_auc": 0.030785514835307722,
    "brier": 0.020532822000000003
  },
  "metrics_calibrated": {
    "auc": 0.684795918367347,
    "pr_auc": 0.04030772349863433,
    "brier": 0.019881872818731276
  },
  "best_threshold_f2": {
    "threshold": 0.021239922157353347,
    "precision": 0.04790419161676647,
    "recall": 0.8,
    "fbeta": 0.1932367149758454
  }
}