{
  "auc": 0.566734693877551,
  "pr_auc": 0.02819633486227057,
  "brier": 0.07823979491767132,
  "ks": 0.11632653059241567,
  "mcc": 0.05808774106690099
}