{
  "auc": 0.6658163265306122,
  "pr_auc": 0.03236906769208762,
  "brier": 0.020333907729573903,
  "ks": 0.0,
  "mcc": 0.0
}