model,auc,pr_auc,brier,ks,mcc
LogisticWOE,0.566734693877551,0.02819633486227057,0.07823979491767132,0.11632653059241567,0.05808774106690099
LightGBM,0.546734693877551,0.026126800102312865,0.020339436566159337,0.0,0.0
XGBoost,0.6658163265306122,0.03236906769208762,0.020333907729573903,0.0,0.0
CatBoost,0.5557142857142857,0.02987121212121212,0.02150747590309319,0.0,0.0
ExtraTrees,0.6004081632653061,0.03569799455161082,0.020244416335032964,0.0,0.0
